{"date":"2025-01-01","year":2025,"month":1,"day_of_week":"Wednesday"}
{"date":"2025-01-05","year":2025,"month":1,"day_of_week":"Sunday"}
{"date":"2025-01-08","year":2025,"month":1,"day_of_week":"Wednesday"}
{"date":"2025-02-03","year":2025,"month":2,"day_of_week":"Monday"}
{"date":"2025-04-03","year":2025,"month":4,"day_of_week":"Thursday"}
{"date":"2025-04-12","year":2025,"month":4,"day_of_week":"Saturday"}
{"date":"2025-05-09","year":2025,"month":5,"day_of_week":"Friday"}
{"date":"2025-05-10","year":2025,"month":5,"day_of_week":"Saturday"}
{"date":"2025-06-04","year":2025,"month":6,"day_of_week":"Wednesday"}
{"date":"2025-06-13","year":2025,"month":6,"day_of_week":"Friday"}
{"date":"2025-07-05","year":2025,"month":7,"day_of_week":"Saturday"}
{"date":"2025-08-06","year":2025,"month":8,"day_of_week":"Wednesday"}
{"date":"2025-09-07","year":2025,"month":9,"day_of_week":"Sunday"}
{"date":"2025-09-11","year":2025,"month":9,"day_of_week":"Thursday"}
