{"date":"2025-01-01","year":2025,"month":1,"day_of_week":"Wednesday"}
{"date":"2025-01-02","year":2025,"month":1,"day_of_week":"Thursday"}
{"date":"2025-02-15","year":2025,"month":2,"day_of_week":"Saturday"}
{"date":"2025-02-25","year":2025,"month":2,"day_of_week":"Tuesday"}
{"date":"2025-03-01","year":2025,"month":3,"day_of_week":"Saturday"}
{"date":"2025-03-11","year":2025,"month":3,"day_of_week":"Tuesday"}
{"date":"2025-04-01","year":2025,"month":4,"day_of_week":"Tuesday"}
{"date":"2025-05-01","year":2025,"month":5,"day_of_week":"Thursday"}
{"date":"2025-05-30","year":2025,"month":5,"day_of_week":"Friday"}
{"date":"2025-06-01","year":2025,"month":6,"day_of_week":"Sunday"}
{"date":"2025-09-30","year":2025,"month":9,"day_of_week":"Tuesday"}
{"date":"2025-12-30","year":2025,"month":12,"day_of_week":"Tuesday"}
